{
	"block.gravel.step": { "sounds": [
    { "name": "step/dirtstep1",  "weight": 10, "volume": 1.0,  "pitch": 1.1 },
    { "name": "step/dirtstep2",  "weight": 10, "volume": 1.0,  "pitch": 1.1 },
    { "name": "step/dirtstep3",  "weight": 10, "volume": 1.0,  "pitch": 1.1 },
    { "name": "step/dirtstep4",  "weight": 10, "volume": 1.0,  "pitch": 1.1 },
    { "name": "step/dirtstep5",  "weight": 10, "volume": 1.0,  "pitch": 1.1 },
    { "name": "step/dirtstep6",  "weight": 10, "volume": 1.0,  "pitch": 1.1 },
    { "name": "step/dirtstep7",  "weight": 10, "volume": 1.0,  "pitch": 1.1 },
    { "name": "step/dirtstep8",  "weight": 10, "volume": 1.0,  "pitch": 1.1 },
    { "name": "step/dirtstep9",  "weight": 10, "volume": 1.0,  "pitch": 1.1 },
    { "name": "step/dirtstep10", "weight": 10, "volume": 1.0,  "pitch": 1.1 },

    { "name": "step/dirtstep1",  "weight": 10, "volume": 1.0,  "pitch": 1.2 },
    { "name": "step/dirtstep2",  "weight": 10, "volume": 1.0,  "pitch": 1.2 },
    { "name": "step/dirtstep3",  "weight": 10, "volume": 1.0,  "pitch": 1.2 },
    { "name": "step/dirtstep4",  "weight": 10, "volume": 1.0,  "pitch": 1.2 },
    { "name": "step/dirtstep5",  "weight": 10, "volume": 1.0,  "pitch": 1.2 },
    { "name": "step/dirtstep6",  "weight": 10, "volume": 1.0,  "pitch": 1.2 },
    { "name": "step/dirtstep7",  "weight": 10, "volume": 1.0,  "pitch": 1.2 },
    { "name": "step/dirtstep8",  "weight": 10, "volume": 1.0,  "pitch": 1.2 },
    { "name": "step/dirtstep9",  "weight": 10, "volume": 1.0,  "pitch": 1.2 },
    { "name": "step/dirtstep10", "weight": 10, "volume": 1.0,  "pitch": 1.2 },

    { "name": "step/dirtstep1",  "weight": 10, "volume": 1.0,  "pitch": 1.3 },
    { "name": "step/dirtstep2",  "weight": 10, "volume": 1.0,  "pitch": 1.3 },
    { "name": "step/dirtstep3",  "weight": 10, "volume": 1.0,  "pitch": 1.3 },
    { "name": "step/dirtstep4",  "weight": 10, "volume": 1.0,  "pitch": 1.3 },
    { "name": "step/dirtstep5",  "weight": 10, "volume": 1.0,  "pitch": 1.3 },
    { "name": "step/dirtstep6",  "weight": 10, "volume": 1.0,  "pitch": 1.3 },
    { "name": "step/dirtstep7",  "weight": 10, "volume": 1.0,  "pitch": 1.3 },
    { "name": "step/dirtstep8",  "weight": 10, "volume": 1.0,  "pitch": 1.3 },
    { "name": "step/dirtstep9",  "weight": 10, "volume": 1.0,  "pitch": 1.3 },
    { "name": "step/dirtstep10", "weight": 10, "volume": 1.0,  "pitch": 1.3 }
], "replace": true, "subtitle": "subtitles.block.generic.footsteps" },

"block.gravel.place": { "sounds": [
    { "name": "block/generic_dirt/dirt1", "weight": 10, "volume": 1.0,  "pitch": 1 },
    { "name": "block/generic_dirt/dirt2", "weight": 10, "volume": 1.0,  "pitch": 1 },
    { "name": "block/generic_dirt/dirt3", "weight": 10, "volume": 1.0,  "pitch": 1 },
    { "name": "block/generic_dirt/dirt4", "weight": 10, "volume": 1.0,  "pitch": 1 },
    { "name": "block/generic_dirt/dirt5", "weight": 10, "volume": 1.0,  "pitch": 1 },
    { "name": "block/generic_dirt/dirt6", "weight": 10, "volume": 1.0,  "pitch": 1 },
	{ "name": "block/generic_dirt/dirt7", "weight": 10, "volume": 1.0,  "pitch": 1 }
], "replace": true, "subtitle": "subtitles.block.generic.place" },

    "block.gravel.break": { "sounds": [
    { "name": "block/generic_dirt/dirt1", "weight": 10, "volume": 1.0,  "pitch": 1 },
    { "name": "block/generic_dirt/dirt2", "weight": 10, "volume": 1.0,  "pitch": 1 },
    { "name": "block/generic_dirt/dirt3", "weight": 10, "volume": 1.0,  "pitch": 1 },
    { "name": "block/generic_dirt/dirt4", "weight": 10, "volume": 1.0,  "pitch": 1 },
    { "name": "block/generic_dirt/dirt5", "weight": 10, "volume": 1.0,  "pitch": 1 },
    { "name": "block/generic_dirt/dirt6", "weight": 10, "volume": 1.0,  "pitch": 1 },
	{ "name": "block/generic_dirt/dirt7", "weight": 10, "volume": 1.0,  "pitch": 1 }
], "replace": true, "subtitle": "subtitles.block.generic.break" },
    
"block.sand.step": { "sounds": [
    { "name": "step/sandstep1",  "weight": 100, "volume": 0.8, "pitch": 1.1},
    { "name": "step/sandstep2",  "weight": 100, "volume": 0.8, "pitch": 1.1},
    { "name": "step/sandstep3",  "weight": 100, "volume": 0.8, "pitch": 1.1},
    { "name": "step/sandstep4",  "weight": 100, "volume": 0.8, "pitch": 1.1},
    { "name": "step/sandstep5",  "weight": 100, "volume": 0.8, "pitch": 1.1},
    { "name": "step/sandstep6",  "weight": 100, "volume": 0.8, "pitch": 1.1},
    { "name": "step/sandstep7",  "weight": 100, "volume": 0.8, "pitch": 1.1},
    { "name": "step/sandstep8",  "weight": 100, "volume": 0.8, "pitch": 1.1},
    { "name": "step/sandstep9",  "weight": 100, "volume": 0.8, "pitch": 1.1},
    { "name": "step/sandstep10", "weight": 100, "volume": 0.8, "pitch": 1.1},
	
	{ "name": "step/sand_run1",  "weight": 10, "volume": 0.8, "pitch": 1},
    { "name": "step/sand_run2",  "weight": 10, "volume": 0.8, "pitch": 1},
    { "name": "step/sand_run3",  "weight": 10, "volume": 0.8, "pitch": 1},
    { "name": "step/sand_run4",  "weight": 10, "volume": 0.8, "pitch": 1},
    { "name": "step/sand_run5",  "weight": 10, "volume": 0.8, "pitch": 1},
    { "name": "step/sand_run6",  "weight": 10, "volume": 0.8, "pitch": 1},
    { "name": "step/sand_run7",  "weight": 10, "volume": 0.8, "pitch": 1},
    { "name": "step/sand_run8",  "weight": 10, "volume": 0.8, "pitch": 1},
    { "name": "step/sand_run9",  "weight": 10, "volume": 0.8, "pitch": 1},
    { "name": "step/sand_run10", "weight": 10, "volume": 0.8, "pitch": 1},  
    
    { "name": "step/sandstep1",  "weight": 100, "volume": 0.8, "pitch": 1.2},
    { "name": "step/sandstep2",  "weight": 100, "volume": 0.8, "pitch": 1.2},
    { "name": "step/sandstep3",  "weight": 100, "volume": 0.8, "pitch": 1.2},
    { "name": "step/sandstep4",  "weight": 100, "volume": 0.8, "pitch": 1.2},
    { "name": "step/sandstep5",  "weight": 100, "volume": 0.8, "pitch": 1.2},
    { "name": "step/sandstep6",  "weight": 100, "volume": 0.8, "pitch": 1.2},
    { "name": "step/sandstep7",  "weight": 100, "volume": 0.8, "pitch": 1.2},
    { "name": "step/sandstep8",  "weight": 100, "volume": 0.8, "pitch": 1.2},
    { "name": "step/sandstep9",  "weight": 100, "volume": 0.8, "pitch": 1.2},
    { "name": "step/sandstep10", "weight": 100, "volume": 0.8, "pitch": 1.2},
    
    { "name": "step/sandstep1",  "weight": 100, "volume": 0.8, "pitch": 1.3},
    { "name": "step/sandstep2",  "weight": 100, "volume": 0.8, "pitch": 1.3},
    { "name": "step/sandstep3",  "weight": 100, "volume": 0.8, "pitch": 1.3},
    { "name": "step/sandstep4",  "weight": 100, "volume": 0.8, "pitch": 1.3},
    { "name": "step/sandstep5",  "weight": 100, "volume": 0.8, "pitch": 1.3},
    { "name": "step/sandstep6",  "weight": 100, "volume": 0.8, "pitch": 1.3},
    { "name": "step/sandstep7",  "weight": 100, "volume": 0.8, "pitch": 1.3},
    { "name": "step/sandstep8",  "weight": 100, "volume": 0.8, "pitch": 1.3},
    { "name": "step/sandstep9",  "weight": 100, "volume": 0.8, "pitch": 1.3},
    { "name": "step/sandstep10", "weight": 100, "volume": 0.8, "pitch": 1.3},

    { "name": "step/sand_run1",  "weight": 10, "volume": 0.8, "pitch": 1},
    { "name": "step/sand_run2",  "weight": 10, "volume": 0.8, "pitch": 1},
    { "name": "step/sand_run3",  "weight": 10, "volume": 0.8, "pitch": 1},
    { "name": "step/sand_run4",  "weight": 10, "volume": 0.8, "pitch": 1},
    { "name": "step/sand_run5",  "weight": 10, "volume": 0.8, "pitch": 1},
    { "name": "step/sand_run6",  "weight": 10, "volume": 0.8, "pitch": 1},
    { "name": "step/sand_run7",  "weight": 10, "volume": 0.8, "pitch": 1},
    { "name": "step/sand_run8",  "weight": 10, "volume": 0.8, "pitch": 1},
    { "name": "step/sand_run9",  "weight": 10, "volume": 0.8, "pitch": 1},
    { "name": "step/sand_run10", "weight": 10, "volume": 0.8, "pitch": 1}
], "replace": true, "subtitle": "subtitles.block.generic.footsteps" },

"block.stone.step": {
    "sounds": [
	  { "name": "step/stone1_c", "weight": 10, "volume": 3.0, "pitch": 0.8},
      { "name": "step/stone2_c", "weight": 10, "volume": 3.0, "pitch": 0.8},
	  { "name": "step/stone3_c", "weight": 10, "volume": 3.0, "pitch": 0.8},
	  { "name": "step/stone4_c", "weight": 10, "volume": 3.0, "pitch": 0.8},
	  { "name": "step/stone5_c", "weight": 10, "volume": 3.0, "pitch": 0.8},
	  { "name": "step/stone6_c", "weight": 10, "volume": 3.0, "pitch": 0.8},
	
	  { "name": "step/stone1_c", "weight": 10, "volume": 3.0, "pitch": 1.0},
      { "name": "step/stone2_c", "weight": 10, "volume": 3.0, "pitch": 1.0},
	  { "name": "step/stone3_c", "weight": 10, "volume": 3.0, "pitch": 1.0},
	  { "name": "step/stone4_c", "weight": 10, "volume": 3.0, "pitch": 1.0},
	  { "name": "step/stone5_c", "weight": 10, "volume": 3.0, "pitch": 1.0},
	  { "name": "step/stone6_c", "weight": 10, "volume": 3.0, "pitch": 1.0},
	  
	  { "name": "step/stone1_c", "weight": 10, "volume": 3.0, "pitch": 1.2},
      { "name": "step/stone2_c", "weight": 10, "volume": 3.0, "pitch": 1.2},
	  { "name": "step/stone3_c", "weight": 10, "volume": 3.0, "pitch": 1.2},
	  { "name": "step/stone4_c", "weight": 10, "volume": 3.0, "pitch": 1.2},
	  { "name": "step/stone5_c", "weight": 10, "volume": 3.0, "pitch": 1.2},
	  { "name": "step/stone6_c", "weight": 10, "volume": 3.0, "pitch": 1.2}
    ],
    "replace": true, "subtitle": "subtitles.block.generic.footsteps"
  },
  
  "block.snow.step": {
    "sounds": [
	
	{ "name": "step/snowstep1",  "weight": 10, "volume": 3.5, "pitch": 1.1},
    { "name": "step/snowstep2",  "weight": 10, "volume": 3.5, "pitch": 1.1},
    { "name": "step/snowstep3",  "weight": 10, "volume": 3.5, "pitch": 1.1},
    { "name": "step/snowstep4",  "weight": 10, "volume": 3.5, "pitch": 1.1},
    { "name": "step/snowstep5",  "weight": 10, "volume": 3.5, "pitch": 1.1},
    { "name": "step/snowstep6",  "weight": 10, "volume": 3.5, "pitch": 1.1},
    { "name": "step/snowstep7",  "weight": 10, "volume": 3.5, "pitch": 1.1},
    { "name": "step/snowstep8",  "weight": 10, "volume": 3.5, "pitch": 1.1},
    { "name": "step/snowstep9",  "weight": 10, "volume": 3.5, "pitch": 1.1},
    { "name": "step/snowstep10", "weight": 10, "volume": 3.5, "pitch": 1.1},
	
	{ "name": "step/snowstep1",  "weight": 10, "volume": 3.5, "pitch": 1.2},
    { "name": "step/snowstep2",  "weight": 10, "volume": 3.5, "pitch": 1.2},
    { "name": "step/snowstep3",  "weight": 10, "volume": 3.5, "pitch": 1.2},
    { "name": "step/snowstep4",  "weight": 10, "volume": 3.5, "pitch": 1.2},
    { "name": "step/snowstep5",  "weight": 10, "volume": 3.5, "pitch": 1.2},
    { "name": "step/snowstep6",  "weight": 10, "volume": 3.5, "pitch": 1.2},
    { "name": "step/snowstep7",  "weight": 10, "volume": 3.5, "pitch": 1.2},
    { "name": "step/snowstep8",  "weight": 10, "volume": 3.5, "pitch": 1.2},
    { "name": "step/snowstep9",  "weight": 10, "volume": 3.5, "pitch": 1.2},
    { "name": "step/snowstep10", "weight": 10, "volume": 3.5, "pitch": 1.2},
    
    { "name": "step/snowstep1",  "weight": 10, "volume": 3.5, "pitch": 1.3},
    { "name": "step/snowstep2",  "weight": 10, "volume": 3.5, "pitch": 1.3},
    { "name": "step/snowstep3",  "weight": 10, "volume": 3.5, "pitch": 1.3},
    { "name": "step/snowstep4",  "weight": 10, "volume": 3.5, "pitch": 1.3},
    { "name": "step/snowstep5",  "weight": 10, "volume": 3.5, "pitch": 1.3},
    { "name": "step/snowstep6",  "weight": 10, "volume": 3.5, "pitch": 1.3},
    { "name": "step/snowstep7",  "weight": 10, "volume": 3.5, "pitch": 1.3},
    { "name": "step/snowstep8",  "weight": 10, "volume": 3.5, "pitch": 1.3},
    { "name": "step/snowstep9",  "weight": 10, "volume": 3.5, "pitch": 1.3},
    { "name": "step/snowstep10", "weight": 10, "volume": 3.5, "pitch": 1.3},
    
    { "name": "step/snowstep1",  "weight": 10, "volume": 3.5, "pitch": 1.4},
    { "name": "step/snowstep2",  "weight": 10, "volume": 3.5, "pitch": 1.4},
    { "name": "step/snowstep3",  "weight": 10, "volume": 3.5, "pitch": 1.4},
    { "name": "step/snowstep4",  "weight": 10, "volume": 3.5, "pitch": 1.4},
    { "name": "step/snowstep5",  "weight": 10, "volume": 3.5, "pitch": 1.4},
    { "name": "step/snowstep6",  "weight": 10, "volume": 3.5, "pitch": 1.4},
    { "name": "step/snowstep7",  "weight": 10, "volume": 3.5, "pitch": 1.4},
    { "name": "step/snowstep8",  "weight": 10, "volume": 3.5, "pitch": 1.4},
    { "name": "step/snowstep9",  "weight": 10, "volume": 3.5, "pitch": 1.4},
    { "name": "step/snowstep10", "weight": 10, "volume": 3.5, "pitch": 1.4}
    ],
    "replace": true, "subtitle": "subtitles.block.generic.footsteps"
  },
  
  "block.wood.step": {
    "sounds": [
	  { "name": "step/woodstep1", "weight": 10, "volume": 1.0, "pitch": 0.8},
      { "name": "step/woodstep2", "weight": 10, "volume": 1.0, "pitch": 0.8},
	  { "name": "step/woodstep3", "weight": 10, "volume": 1.0, "pitch": 0.8},
	  { "name": "step/woodstep4", "weight": 10, "volume": 1.0, "pitch": 0.8},
	  { "name": "step/woodstep5", "weight": 10, "volume": 1.0, "pitch": 0.8},
	  { "name": "step/woodstep6", "weight": 10, "volume": 1.0, "pitch": 0.8},
	
	  { "name": "step/woodstep1", "weight": 10, "volume": 1.0, "pitch": 1.2},
      { "name": "step/woodstep2", "weight": 10, "volume": 1.0, "pitch": 1.2},
	  { "name": "step/woodstep3", "weight": 10, "volume": 1.0, "pitch": 1.2},
	  { "name": "step/woodstep4", "weight": 10, "volume": 1.0, "pitch": 1.2},
	  { "name": "step/woodstep5", "weight": 10, "volume": 1.0, "pitch": 1.2},
	  { "name": "step/woodstep6", "weight": 10, "volume": 1.0, "pitch": 1.2},
	  
	  { "name": "step/woodstep1", "weight": 10, "volume": 1.0, "pitch": 1.2},
      { "name": "step/woodstep2", "weight": 10, "volume": 1.0, "pitch": 1.2},
	  { "name": "step/woodstep3", "weight": 10, "volume": 1.0, "pitch": 1.2},
	  { "name": "step/woodstep4", "weight": 10, "volume": 1.0, "pitch": 1.2},
	  { "name": "step/woodstep5", "weight": 10, "volume": 1.0, "pitch": 1.2},
	  { "name": "step/woodstep6", "weight": 10, "volume": 1.0, "pitch": 1.2}
    ],
    "replace": true, "subtitle": "subtitles.block.generic.footsteps"
  },
  "block.wood.break": {
    "sounds": [
	  { "name": "block/generic_wood/break1", "weight": 10, "volume": 1.0, "pitch": 0.85},
      { "name": "block/generic_wood/break2", "weight": 10, "volume": 1.0, "pitch": 0.85},
	  { "name": "block/generic_wood/break3", "weight": 10, "volume": 1.0, "pitch": 0.85},
	  { "name": "block/generic_wood/break4", "weight": 10, "volume": 1.0, "pitch": 0.85},
	  { "name": "block/generic_wood/break5", "weight": 10, "volume": 1.0, "pitch": 0.85},
	  
	  { "name": "block/generic_wood/break1", "weight": 10, "volume": 1.0, "pitch": 0.9},
      { "name": "block/generic_wood/break2", "weight": 10, "volume": 1.0, "pitch": 0.9},
	  { "name": "block/generic_wood/break3", "weight": 10, "volume": 1.0, "pitch": 0.9},
	  { "name": "block/generic_wood/break4", "weight": 10, "volume": 1.0, "pitch": 0.9},
	  { "name": "block/generic_wood/break5", "weight": 10, "volume": 1.0, "pitch": 0.9}
    ],
    "replace": true, "subtitle": "subtitles.block.generic.break"
  },
  "block.wood.place": {
    "sounds": [
      { "name": "block/generic_wood/break1", "weight": 10, "volume": 1.0, "pitch": 1},
      { "name": "block/generic_wood/break2", "weight": 10, "volume": 1.0, "pitch": 1},
	  { "name": "block/generic_wood/break3", "weight": 10, "volume": 1.0, "pitch": 1},
	  { "name": "block/generic_wood/break4", "weight": 10, "volume": 1.0, "pitch": 1},
	  { "name": "block/generic_wood/break5", "weight": 10, "volume": 1.0, "pitch": 1}
    ],
    "replace": true, "subtitle": "subtitles.block.generic.place"
  },
  "block.wood.hit": {
    "sounds": [
	  { "name": "block/generic_wood/step1", "weight": 10, "volume": 1.0, "pitch": 1},
      { "name": "block/generic_wood/step2", "weight": 10, "volume": 1.0, "pitch": 1},
	  { "name": "block/generic_wood/step3", "weight": 10, "volume": 1.0, "pitch": 1},
	  { "name": "block/generic_wood/step4", "weight": 10, "volume": 1.0, "pitch": 1},
	  { "name": "block/generic_wood/step5", "weight": 10, "volume": 1.0, "pitch": 1},
	  { "name": "block/generic_wood/step6", "weight": 10, "volume": 1.0, "pitch": 1}
    ],
    "replace": true, "subtitle": "subtitles.block.generic.hit"
  },
  
  "block.grass.step": {
    "sounds": [
	  { "name": "block/generic_grassblock/step1_a", "weight": 10, "volume": 1.0, "pitch": 1},
      { "name": "block/generic_grassblock/step2_a", "weight": 10, "volume": 1.0, "pitch": 1},
	  { "name": "block/generic_grassblock/step3_a", "weight": 10, "volume": 1.0, "pitch": 1},
	  { "name": "block/generic_grassblock/step4_a", "weight": 10, "volume": 1.0, "pitch": 1},
	  { "name": "block/generic_grassblock/step5_a", "weight": 10, "volume": 1.0, "pitch": 1},
	  { "name": "block/generic_grassblock/step6_a", "weight": 10, "volume": 1.0, "pitch": 1},
	  
	  { "name": "block/generic_grassblock/break1_d", "weight": 10, "volume": 1.0, "pitch": 1},
      { "name": "block/generic_grassblock/break2_d", "weight": 10, "volume": 1.0, "pitch": 1},
	  { "name": "block/generic_grassblock/break3_d", "weight": 10, "volume": 1.0, "pitch": 1},
	  { "name": "block/generic_grassblock/break4_d", "weight": 10, "volume": 1.0, "pitch": 1},
	  
	  { "name": "block/generic_grassblock/break1_a", "weight": 10, "volume": 1.0, "pitch": 1},
      { "name": "block/generic_grassblock/break2_a", "weight": 10, "volume": 1.0, "pitch": 1},
	  { "name": "block/generic_grassblock/break3_a", "weight": 10, "volume": 1.0, "pitch": 1},
	  { "name": "block/generic_grassblock/break4_a", "weight": 10, "volume": 1.0, "pitch": 1},
	  { "name": "block/generic_grassblock/break5_a", "weight": 10, "volume": 1.0, "pitch": 1},
	  { "name": "block/generic_grassblock/break6_a", "weight": 10, "volume": 1.0, "pitch": 1},
	  
	  { "name": "block/generic_grassblock/step1_c", "weight": 10, "volume": 1.0, "pitch": 1},
      { "name": "block/generic_grassblock/step2_c", "weight": 10, "volume": 1.0, "pitch": 1},
	  { "name": "block/generic_grassblock/step3_c", "weight": 10, "volume": 1.0, "pitch": 1},
	  { "name": "block/generic_grassblock/step4_c", "weight": 10, "volume": 1.0, "pitch": 1},
	  { "name": "block/generic_grassblock/step5_c", "weight": 10, "volume": 1.0, "pitch": 1},
	  { "name": "block/generic_grassblock/step6_c", "weight": 10, "volume": 1.0, "pitch": 1}
	  
    ],
    "replace": true, "subtitle": "subtitles.block.generic.footsteps"
  },
  
  "block.grass.place": {
    "sounds": [
	  { "name": "block/generic_grassblock/break1_a", "weight": 10, "volume": 1.0, "pitch": 1},
      { "name": "block/generic_grassblock/break2_a", "weight": 10, "volume": 1.0, "pitch": 1},
	  { "name": "block/generic_grassblock/break4_a", "weight": 10, "volume": 1.0, "pitch": 1},
	  { "name": "block/generic_grassblock/break5_a", "weight": 10, "volume": 1.0, "pitch": 1},
	  { "name": "block/generic_grassblock/break6_a", "weight": 10, "volume": 1.0, "pitch": 1},
	  
	  { "name": "block/generic_grassblock/step5_b", "weight": 10, "volume": 1.0, "pitch": 1},
	  
	  { "name": "block/generic_grassblock/climb4", "weight": 10, "volume": 1.0, "pitch": 1},
	  
	  { "name": "block/generic_grassblock/break1_d", "weight": 10, "volume": 1.0, "pitch": 1},
	  { "name": "block/generic_grassblock/break3_d", "weight": 10, "volume": 1.0, "pitch": 1},
	  
	  { "name": "block/generic_grassblock/step1_c", "weight": 10, "volume": 1.0, "pitch": 1},
	  { "name": "block/generic_grassblock/step6_c", "weight": 10, "volume": 1.0, "pitch": 1}
	  
    ],
    "replace": true, "subtitle": "subtitles.block.generic.place"
  },
  
  "block.grass.break": {
    "sounds": [
	  { "name": "block/generic_grassblock/break1_a", "weight": 10, "volume": 1.0, "pitch": 1},
      { "name": "block/generic_grassblock/break2_a", "weight": 10, "volume": 1.0, "pitch": 1},
	  { "name": "block/generic_grassblock/break4_a", "weight": 10, "volume": 1.0, "pitch": 1},
	  { "name": "block/generic_grassblock/break5_a", "weight": 10, "volume": 1.0, "pitch": 1},
	  { "name": "block/generic_grassblock/break6_a", "weight": 10, "volume": 1.0, "pitch": 1},
	  
	  { "name": "block/generic_grassblock/step5_b", "weight": 10, "volume": 1.0, "pitch": 1},
	  
	  { "name": "block/generic_grassblock/climb4", "weight": 10, "volume": 1.0, "pitch": 1},
	  
	  { "name": "block/generic_grassblock/break1_d", "weight": 10, "volume": 1.0, "pitch": 1},
	  { "name": "block/generic_grassblock/break3_d", "weight": 10, "volume": 1.0, "pitch": 1},
	  
	  { "name": "block/generic_grassblock/step1_c", "weight": 10, "volume": 1.0, "pitch": 1},
	  { "name": "block/generic_grassblock/step6_c", "weight": 10, "volume": 1.0, "pitch": 1}
	  
    ],
    "replace": true, "subtitle": "subtitles.block.generic.break"
  },
  
  "block.metal.step": {
    "sounds": [
	  { "name": "block/copper/step1", "weight": 10, "volume": 1.0, "pitch": 0.1},
      { "name": "block/copper/step2", "weight": 10, "volume": 1.0, "pitch": 0.1},
	  { "name": "block/copper/step3", "weight": 10, "volume": 1.0, "pitch": 0.1},
	  { "name": "block/copper/step4", "weight": 10, "volume": 1.0, "pitch": 0.1},
	  { "name": "block/copper/step5", "weight": 10, "volume": 1.0, "pitch": 0.1},
	  { "name": "block/copper/step6", "weight": 10, "volume": 1.0, "pitch": 0.1},
	
	  { "name": "block/copper/step1", "weight": 10, "volume": 1.0, "pitch": 0.2},
      { "name": "block/copper/step2", "weight": 10, "volume": 1.0, "pitch": 0.2},
	  { "name": "block/copper/step3", "weight": 10, "volume": 1.0, "pitch": 0.2},
	  { "name": "block/copper/step4", "weight": 10, "volume": 1.0, "pitch": 0.2},
	  { "name": "block/copper/step5", "weight": 10, "volume": 1.0, "pitch": 0.2},
	  { "name": "block/copper/step6", "weight": 10, "volume": 1.0, "pitch": 0.2},
	  
	  { "name": "block/copper/step1", "weight": 10, "volume": 1.0, "pitch": 0.3},
      { "name": "block/copper/step2", "weight": 10, "volume": 1.0, "pitch": 0.3},
	  { "name": "block/copper/step3", "weight": 10, "volume": 1.0, "pitch": 0.3},
	  { "name": "block/copper/step4", "weight": 10, "volume": 1.0, "pitch": 0.3},
	  { "name": "block/copper/step5", "weight": 10, "volume": 1.0, "pitch": 0.3},
	  { "name": "block/copper/step6", "weight": 10, "volume": 1.0, "pitch": 0.3}
    ],
    "replace": true, "subtitle": "subtitles.block.generic.footsteps"
	
  },
  "block.metal.break": {
    "sounds": [
	  { "name": "block/netherite/break1", "weight": 10, "volume": 2.0, "pitch": 1.2},
      { "name": "block/netherite/break2", "weight": 10, "volume": 2.0, "pitch": 1.2},
	  { "name": "block/netherite/break3", "weight": 10, "volume": 2.0, "pitch": 1.2},
	  { "name": "block/netherite/break4", "weight": 10, "volume": 2.0, "pitch": 1.2},
	  { "name": "block/netherite/break5", "weight": 10, "volume": 2.0, "pitch": 1.2},
	  { "name": "block/netherite/break6", "weight": 10, "volume": 2.0, "pitch": 1.2},
	  
	  { "name": "block/netherite/break1", "weight": 10, "volume": 2.0, "pitch": 1.3},
      { "name": "block/netherite/break2", "weight": 10, "volume": 2.0, "pitch": 1.3},
	  { "name": "block/netherite/break3", "weight": 10, "volume": 2.0, "pitch": 1.3},
	  { "name": "block/netherite/break4", "weight": 10, "volume": 2.0, "pitch": 1.3},
	  { "name": "block/netherite/break5", "weight": 10, "volume": 2.0, "pitch": 1.3},
	  { "name": "block/netherite/break6", "weight": 10, "volume": 2.0, "pitch": 1.3}
    ],
    "replace": true, "subtitle": "subtitles.block.generic.break"
  },
  "block.metal.place": {
    "sounds": [
	  { "name": "block/copper/step1", "weight": 10, "volume": 2.0, "pitch": 0.5},
      { "name": "block/copper/step2", "weight": 10, "volume": 2.0, "pitch": 0.5},
	  { "name": "block/copper/step3", "weight": 10, "volume": 2.0, "pitch": 0.5},
	  { "name": "block/copper/step4", "weight": 10, "volume": 2.0, "pitch": 0.5},
	  
	  { "name": "block/copper/step1", "weight": 10, "volume": 2.0, "pitch": 0.7},
      { "name": "block/copper/step2", "weight": 10, "volume": 2.0, "pitch": 0.7},
	  { "name": "block/copper/step3", "weight": 10, "volume": 2.0, "pitch": 0.7},
	  { "name": "block/copper/step4", "weight": 10, "volume": 2.0, "pitch": 0.7}
    ],
    "replace": true, "subtitle": "subtitles.block.generic.place"
  },
  
  "block.enchantment_table.use": {
	"replace": true,
    "sounds": [
	  { "name": "block/enchantment_table/enchant1", "weight": 12, "volume": 1.0, "pitch": 1},
	  { "name": "block/enchantment_table/enchant2", "weight": 12, "volume": 1.0, "pitch": 1},
      { "name": "block/enchantment_table/enchant3", "weight": 12, "volume": 1.0, "pitch": 1},
	  { "name": "block/enchantment_table/enchant4", "weight": 10, "volume": 1.0, "pitch": 1},
	  { "name": "block/enchantment_table/enchant5", "weight": 12, "volume": 1.0, "pitch": 1},
	  { "name": "block/enchantment_table/enchant6", "weight": 10, "volume": 1.0, "pitch": 1},
      { "name": "block/enchantment_table/enchant7", "weight": 10, "volume": 1.0, "pitch": 1},
	  { "name": "block/enchantment_table/enchant8", "weight": 10, "volume": 1.0, "pitch": 1},
	  { "name": "block/enchantment_table/enchant9", "weight": 10, "volume": 1.0, "pitch": 1},
	  { "name": "block/enchantment_table/enchant10", "weight": 12, "volume": 1.0, "pitch": 1},
	  { "name": "block/enchantment_table/enchant11", "weight": 12, "volume": 1.0, "pitch": 1},
	  { "name": "block/enchantment_table/enchant12", "weight": 12, "volume": 1.0, "pitch": 1}
    ],
    "subtitle": "subtitles.block.enchantment_table.use"
  },
  
  "block.portal.ambient": {
	"replace": true,
    "sounds": [
      { "name": "portal/portal", "stream": false, "volume": 1.4, "attenuation_distance": 10 }
    ],
    "subtitle": "subtitles.block.portal.ambient"
  },
  
  "block.water.ambient": { "sounds": [
      { "name": "liquid/waterrunning", "volume": 1, "pitch": 0.9 },
      { "name": "liquid/waterrunning", "volume": 1, "pitch": 1.0 },
      { "name": "liquid/waterrunning", "volume": 1, "pitch": 1.1 },
      { "name": "liquid/waterrunning", "volume": 1, "pitch": 1.2 }
    ], 
	"replace": true, "subtitle":"subtitles.block.water.ambient" 
  },
  "entity.player.splash": { "sounds": [
      { "name": "step/splash1", "volume": 5, "pitch": 1 },
      { "name": "step/splash2", "volume": 5, "pitch": 1 },
      { "name": "step/splash3", "volume": 5, "pitch": 1 },
      { "name": "step/splash4", "volume": 5, "pitch": 1 }
    ], 
	"replace": true, "subtitle":"subtitles.entity.generic.splash" 
  },
  "entity.player.splash.high_speed": { "sounds": [
      { "name": "step/water/bigsplash", "volume": 2, "pitch": 1.0}
    ], 
	"replace": true, "subtitle":"subtitles.entity.generic.splash" 
  },
  "entity.player.swim": { "sounds": [
      { "name": "step/swim1", "volume": 5, "pitch": 1.2 },
      { "name": "step/swim2", "volume": 5, "pitch": 1.2 },
      { "name": "step/swim3", "volume": 5, "pitch": 1.2 },
      { "name": "step/swim4", "volume": 5, "pitch": 1.2 },
      { "name": "step/swim5", "volume": 5, "pitch": 1.2 }
    ], 
	"replace": true, "subtitle":"subtitles.entity.generic.swim" 
  },
  "entity.hostile.swim": { "sounds": [
      { "name": "step/swim1", "volume": 5, "pitch": 1.2 },
      { "name": "step/swim2", "volume": 5, "pitch": 1.2 },
      { "name": "step/swim3", "volume": 5, "pitch": 1.2 },
      { "name": "step/swim4", "volume": 5, "pitch": 1.2 },
      { "name": "step/swim5", "volume": 5, "pitch": 1.2 }
    ], 
	"replace": true, "subtitle":"subtitles.entity.generic.swim" 
  },
  
  "block.lava.ambient": {
    "sounds": [
	  { "name": "liquid/lava1", "weight": 10, "volume": 2.0, "pitch": 0.8 },
      { "name": "liquid/lava2", "weight": 10, "volume": 2.0, "pitch": 0.8 },
	  { "name": "liquid/lava3", "weight": 10, "volume": 2.0, "pitch": 0.8 },
	
	  { "name": "liquid/lava1", "weight": 10, "volume": 2.0, "pitch": 1.0 },
      { "name": "liquid/lava2", "weight": 10, "volume": 2.0, "pitch": 1.0 },
	  { "name": "liquid/lava3", "weight": 10, "volume": 2.0, "pitch": 1.0 },
	  
	  { "name": "liquid/lava1", "weight": 10, "volume": 2.0, "pitch": 1.2 },
      { "name": "liquid/lava2", "weight": 10, "volume": 2.0, "pitch": 1.2 },
	  { "name": "liquid/lava3", "weight": 10, "volume": 2.0, "pitch": 1.2 }
    ],
    "replace": true, "subtitle": "subtitles.block.lava.ambient"
  },
  
  "block.lava.pop": {
    "sounds": [
	  { "name": "liquid/lavapop1", "weight": 10, "volume": 2.0, "pitch": 0.8 },
      { "name": "liquid/lavapop2", "weight": 10, "volume": 2.0, "pitch": 0.8 },
	  { "name": "liquid/lavapop3", "weight": 10, "volume": 2.0, "pitch": 0.8 },
	  { "name": "liquid/lavapop4", "weight": 10, "volume": 2.0, "pitch": 0.8 },
	
	  { "name": "liquid/lavapop1", "weight": 10, "volume": 2.0, "pitch": 1.0 },
      { "name": "liquid/lavapop2", "weight": 10, "volume": 2.0, "pitch": 1.0 },
	  { "name": "liquid/lavapop3", "weight": 10, "volume": 2.0, "pitch": 1.0 },
	  { "name": "liquid/lavapop4", "weight": 10, "volume": 2.0, "pitch": 1.0 },
	  
	  { "name": "liquid/lavapop1", "weight": 10, "volume": 2.0, "pitch": 1.2 },
      { "name": "liquid/lavapop2", "weight": 10, "volume": 2.0, "pitch": 1.2 },
	  { "name": "liquid/lavapop3", "weight": 10, "volume": 2.0, "pitch": 1.2 },
	  { "name": "liquid/lavapop4", "weight": 10, "volume": 2.0, "pitch": 1.2 }
    ],
    "replace": true, "subtitle": "subtitles.block.lava.ambient"
  },
  
  
   "entity.wither_skeleton.ambient": {
    "sounds": [
	  { "name": "mob/wither_skeleton/idle1", "stream": false, "volume": 1.0, "pitch": 0.9 },
      { "name": "mob/wither_skeleton/idle2", "stream": false, "volume": 1.0, "pitch": 0.9 },
      { "name": "mob/wither_skeleton/idle3", "stream": false, "volume": 1.0, "pitch": 0.9 },
	
      { "name": "mob/wither_skeleton/idle1", "stream": false, "volume": 1.0, "pitch": 1 },
      { "name": "mob/wither_skeleton/idle2", "stream": false, "volume": 1.0, "pitch": 1 },
      { "name": "mob/wither_skeleton/idle3", "stream": false, "volume": 1.0, "pitch": 1 },
	  
	  { "name": "mob/wither_skeleton/idle1", "stream": false, "volume": 1.0, "pitch": 1.1 },
      { "name": "mob/wither_skeleton/idle2", "stream": false, "volume": 1.0, "pitch": 1.1 },
      { "name": "mob/wither_skeleton/idle3", "stream": false, "volume": 1.0, "pitch": 1.1 },
	  
	  
	  
	  { "name": "mob/wither_skeleton/idle1_a", "stream": false, "volume": 1.0, "pitch": 0.9 },
      { "name": "mob/wither_skeleton/idle2_a", "stream": false, "volume": 1.0, "pitch": 0.9 },
      { "name": "mob/wither_skeleton/idle3_a", "stream": false, "volume": 1.0, "pitch": 0.9 },
	
      { "name": "mob/wither_skeleton/idle1_a", "stream": false, "volume": 1.0, "pitch": 1 },
      { "name": "mob/wither_skeleton/idle2_a", "stream": false, "volume": 1.0, "pitch": 1 },
      { "name": "mob/wither_skeleton/idle3_a", "stream": false, "volume": 1.0, "pitch": 1 },
	  
	  { "name": "mob/wither_skeleton/idle1_a", "stream": false, "volume": 1.0, "pitch": 1.1 },
      { "name": "mob/wither_skeleton/idle2_a", "stream": false, "volume": 1.0, "pitch": 1.1 },
      { "name": "mob/wither_skeleton/idle3_a", "stream": false, "volume": 1.0, "pitch": 1.1 }
    ],
    "replace": true, "subtitle": "subtitles.entity.wither_skeleton.ambient"
  },
  "entity.wither_skeleton.death": {
    "sounds": [
	  { "name": "mob/wither_skeleton/death1_a", "stream": false, "volume": 1.0, "pitch": 0.9 },
      { "name": "mob/wither_skeleton/death2_a", "stream": false, "volume": 1.0, "pitch": 0.9 },
	  
	  { "name": "mob/wither_skeleton/death1_a", "stream": false, "volume": 1.0, "pitch": 1 },
      { "name": "mob/wither_skeleton/death2_a", "stream": false, "volume": 1.0, "pitch": 1 },
	  
	  { "name": "mob/wither_skeleton/death1_a", "stream": false, "volume": 1.0, "pitch": 1.1 },
      { "name": "mob/wither_skeleton/death2_a", "stream": false, "volume": 1.0, "pitch": 1.1 }
    ],
    "replace": true, "subtitle": "subtitles.entity.wither_skeleton.death"
  },
  "entity.wither_skeleton.hurt": {
    "sounds": [
      { "name": "mob/wither_skeleton/hurt1", "stream": false, "volume": 1.0, "pitch": 0.9 },
      { "name": "mob/wither_skeleton/hurt2", "stream": false, "volume": 1.0, "pitch": 0.9 },
      { "name": "mob/wither_skeleton/hurt3", "stream": false, "volume": 1.0, "pitch": 0.9 },
      { "name": "mob/wither_skeleton/hurt4", "stream": false, "volume": 1.0, "pitch": 0.9 },
	  
	  { "name": "mob/wither_skeleton/hurt1", "stream": false, "volume": 1.0, "pitch": 1 },
      { "name": "mob/wither_skeleton/hurt2", "stream": false, "volume": 1.0, "pitch": 1 },
      { "name": "mob/wither_skeleton/hurt3", "stream": false, "volume": 1.0, "pitch": 1 },
      { "name": "mob/wither_skeleton/hurt4", "stream": false, "volume": 1.0, "pitch": 1 },
	  
	  { "name": "mob/wither_skeleton/hurt1", "stream": false, "volume": 1.0, "pitch": 1.1 },
      { "name": "mob/wither_skeleton/hurt2", "stream": false, "volume": 1.0, "pitch": 1.1 },
      { "name": "mob/wither_skeleton/hurt3", "stream": false, "volume": 1.0, "pitch": 1.1 },
      { "name": "mob/wither_skeleton/hurt4", "stream": false, "volume": 1.0, "pitch": 1.1 },
	  
	  
	  
      { "name": "mob/wither_skeleton/hurt1_a", "stream": false, "volume": 1.0, "pitch": 0.9 },
      { "name": "mob/wither_skeleton/hurt2_a", "stream": false, "volume": 1.0, "pitch": 0.9 },
      { "name": "mob/wither_skeleton/hurt3_a", "stream": false, "volume": 1.0, "pitch": 0.9 },
      { "name": "mob/wither_skeleton/hurt4_a", "stream": false, "volume": 1.0, "pitch": 0.9 },
	  
	  { "name": "mob/wither_skeleton/hurt1_a", "stream": false, "volume": 1.0, "pitch": 1 },
      { "name": "mob/wither_skeleton/hurt2_a", "stream": false, "volume": 1.0, "pitch": 1 },
      { "name": "mob/wither_skeleton/hurt3_a", "stream": false, "volume": 1.0, "pitch": 1 },
      { "name": "mob/wither_skeleton/hurt4_a", "stream": false, "volume": 1.0, "pitch": 1 },
	  
	  { "name": "mob/wither_skeleton/hurt1_a", "stream": false, "volume": 1.0, "pitch": 1.1 },
      { "name": "mob/wither_skeleton/hurt2_a", "stream": false, "volume": 1.0, "pitch": 1.1 },
      { "name": "mob/wither_skeleton/hurt3_a", "stream": false, "volume": 1.0, "pitch": 1.1 },
      { "name": "mob/wither_skeleton/hurt4_a", "stream": false, "volume": 1.0, "pitch": 1.1 }
    ],
    "replace": true, "subtitle": "subtitles.entity.wither_skeleton.hurt"
  },
  "entity.wither_skeleton.step": {
    "sounds": [
      { "name": "mob/wither_skeleton/step1", "stream": false, "volume": 1.0, "pitch": 0.9 },
      { "name": "mob/wither_skeleton/step2","stream": false, "volume": 1.0, "pitch": 0.9 },
      { "name": "mob/wither_skeleton/step3", "stream": false, "volume": 1.0, "pitch": 0.9 },
      { "name": "mob/wither_skeleton/step4", "stream": false, "volume": 1.0, "pitch": 0.9 },
	  
	  { "name": "mob/wither_skeleton/step1", "stream": false, "volume": 1.0, "pitch": 1 },
      { "name": "mob/wither_skeleton/step2","stream": false, "volume": 1.0, "pitch": 1 },
      { "name": "mob/wither_skeleton/step3", "stream": false, "volume": 1.0, "pitch": 1 },
      { "name": "mob/wither_skeleton/step4", "stream": false, "volume": 1.0, "pitch": 1 },
	  
	  { "name": "mob/wither_skeleton/step1", "stream": false, "volume": 1.0, "pitch": 1.1 },
      { "name": "mob/wither_skeleton/step2","stream": false, "volume": 1.0, "pitch": 1.1 },
      { "name": "mob/wither_skeleton/step3", "stream": false, "volume": 1.0, "pitch": 1.1 },
      { "name": "mob/wither_skeleton/step4", "stream": false, "volume": 1.0, "pitch": 1.1 },
	  
	  
	  { "name": "mob/wither_skeleton/step1_a", "stream": false, "volume": 1.0, "pitch": 0.9 },
      { "name": "mob/wither_skeleton/step2_a","stream": false, "volume": 1.0, "pitch": 0.9 },
      { "name": "mob/wither_skeleton/step3_a", "stream": false, "volume": 1.0, "pitch": 0.9 },
      { "name": "mob/wither_skeleton/step4_a", "stream": false, "volume": 1.0, "pitch": 0.9 },
	  
	  { "name": "mob/wither_skeleton/step1_a", "stream": false, "volume": 1.0, "pitch": 1 },
      { "name": "mob/wither_skeleton/step2_a","stream": false, "volume": 1.0, "pitch": 1 },
      { "name": "mob/wither_skeleton/step3_a", "stream": false, "volume": 1.0, "pitch": 1 },
      { "name": "mob/wither_skeleton/step4_a", "stream": false, "volume": 1.0, "pitch": 1 },
	  
	  { "name": "mob/wither_skeleton/step1_a", "stream": false, "volume": 1.0, "pitch": 1.1 },
      { "name": "mob/wither_skeleton/step2_a","stream": false, "volume": 1.0, "pitch": 1.1 },
      { "name": "mob/wither_skeleton/step3_a", "stream": false, "volume": 1.0, "pitch": 1.1 },
      { "name": "mob/wither_skeleton/step4_a", "stream": false, "volume": 1.0, "pitch": 1.1 }
    ],
    "replace": true, "subtitle": "subtitles.block.generic.footsteps"
  },
  
  
  
  
  "entity.arrow.shoot": {
    "sounds": [
	  { "name": "random/bow", "volume": 1, "pitch": 0.9 }
    ], "replace": true, "subtitle": "subtitles.entity.arrow.shoot"
  }, 
    "entity.skeleton.shoot": {
    "sounds": [
      "mob/skeleton/shoot1",
	  "mob/skeleton/shoot2"
    ],
    "replace": true, "subtitle": "subtitles.entity.skeleton.shoot"
  },
    "entity.egg.throw": {
    "sounds": [
	  { "name": "item/throwables/throw_egg", "volume": 1, "pitch": 2.0 }
    ], 
    "replace": true, "subtitle": "subtitles.entity.egg.throw"
  },
    "entity.ender_pearl.throw": {
    "sounds": [
	  { "name": "item/throwables/throw_pearl", "volume": 1, "pitch": 2.5 }
    ],
    "replace": true, "subtitle": "subtitles.entity.ender_pearl.throw"
  },
    "entity.experience_bottle.throw": {
    "sounds": [
	  { "name": "item/throwables/throw_bottle", "volume": 1, "pitch": 2.0 }
    ],
    "replace": true, "subtitle": "subtitles.entity.potion.throw"
  },
    "entity.fishing_bobber.throw": {
    "sounds": [
	  { "name": "item/throwables/throw_line", "volume": 1, "pitch": 2.0 }
    ],
    "replace": true, "subtitle": "subtitles.entity.fishing_bobber.throw"
  },
    "entity.lingering_potion.throw": {
    "sounds": [
	  { "name": "item/throwables/throw_lingeringpotion1", "volume": 1, "pitch": 2.0 },
	  { "name": "item/throwables/throw_lingeringpotion2", "volume": 1, "pitch": 2.0 }
    ],
    "replace": true, "subtitle": "subtitles.entity.potion.throw"
  },
    "entity.snowball.throw": {
    "sounds": [
	  { "name": "item/throwables/throw_snowball", "volume": 1, "pitch": 2.0 }
    ],
    "replace": true, "subtitle": "subtitles.entity.snowball.throw"
  },
    "entity.snow_golem.shoot": {
    "sounds": [
	  { "name": "item/throwables/throw_snowball_golem", "volume": 1, "pitch": 2.0 }
    ],
    "replace": true, "subtitle": "subtitles.entity.snowball.throw"
  },
    "entity.splash_potion.throw": {
    "sounds": [
	  { "name": "item/throwables/throw_splashpotion1", "volume": 1, "pitch": 1.8 },
	  { "name": "item/throwables/throw_splashpotion1", "volume": 1, "pitch": 2.0 },
	  { "name": "item/throwables/throw_splashpotion1", "volume": 1, "pitch": 2.2 },
	  
	  { "name": "item/throwables/throw_splashpotion2", "volume": 1, "pitch": 1.8 },
	  { "name": "item/throwables/throw_splashpotion2", "volume": 1, "pitch": 2.0 },
	  { "name": "item/throwables/throw_splashpotion2", "volume": 1, "pitch": 2.2 }
    ],
    "replace": true, "subtitle": "subtitles.entity.potion.throw"
  },
    "entity.splash_potion.break": {
    "sounds": [
      "item/throwables/bottle/splashpotion_break1",
	  "item/throwables/bottle/splashpotion_break2",
	  "item/throwables/bottle/splashpotion_break3"
    ],
    "replace": true, "subtitle": "subtitles.entity.potion.splash"
  },
    "entity.witch.throw": {
    "sounds": [
      "item/throwables/throw_witch1",
	  "item/throwables/throw_witch2"
    ],
    "replace": true, "subtitle": "subtitles.entity.witch.throw"
  },
  "block.nether_wood_pressure_plate.click_off": {
    "sounds": [
      { "name": "block/nether_wood_button/nether_wood_button","pitch": 0.7, "volume": 0.4 }
    ],
    "replace": true, "subtitle": "subtitles.block.pressure_plate.click"
  },
  "block.nether_wood_pressure_plate.click_on": {
    "sounds": [
      { "name": "block/nether_wood_button/nether_wood_button", "pitch": 0.8, "volume": 0.4 }
    ],
    "replace": true, "subtitle": "subtitles.block.pressure_plate.click"
  },
  "block.wooden_pressure_plate.click_off": {
    "sounds": [
      { "name": "random/wood_click", "pitch": 0.7, "volume": 0.3 }
    ],
    "replace": true, "subtitle": "subtitles.block.pressure_plate.click"
  },
  "block.wooden_pressure_plate.click_on": {
    "sounds": [
      { "name": "random/wood_click", "pitch": 0.8, "volume": 0.3 }
    ],
    "replace": true, "subtitle": "subtitles.block.pressure_plate.click"
  },
  "block.metal_pressure_plate.click_off": {
    "sounds": [
      { "name": "block/copper/step1", "pitch": 0.4, "volume": 0.9 }
    ],
    "replace": true, "subtitle": "subtitles.block.pressure_plate.click"
  },
  "block.metal_pressure_plate.click_on": {
    "sounds": [
      { "name": "block/copper/step3", "pitch": 0.8, "volume": 0.9 }
    ],
    "replace": true, "subtitle": "subtitles.block.pressure_plate.click"
  },  
  "block.stone_button.click_off": {
    "sounds": [
      { "name": "dig/stone2", "pitch": 0.5, "volume": 0.6 }
    ],
    "replace": true, "subtitle": "subtitles.block.button.click"
  },
  "block.stone_button.click_on": {
    "sounds": [
      { "name": "dig/stone1", "pitch": 0.6, "volume": 0.6 }
    ],
    "replace": true, "subtitle": "subtitles.block.button.click"
  },  
  "block.stone_pressure_plate.click_off": {
    "sounds": [
      { "name": "dig/stone2", "pitch": 0.7, "volume": 0.6 }
    ],
    "replace": true, "subtitle": "subtitles.block.pressure_plate.click"
  },
  "block.stone_pressure_plate.click_on": {
    "sounds": [
      { "name": "dig/stone1", "pitch": 0.8, "volume": 0.6 }
    ],
    "replace": true, "subtitle": "subtitles.block.pressure_plate.click"
  },
  "ui.button.click": {
    "replace": true,
	"sounds": [
	  { "name": "random/menu_click", "pitch": 1.1, "volume": 0.6 }
	]
  },
  
  "entity.zombie.death": {
	"replace": true,
    "sounds": [
	  { "name": "mob/zombie/death0", "stream": false, "volume": 1 },
      { "name": "mob/zombie/death1", "stream": false, "volume": 1 },
      { "name": "mob/zombie/death2", "stream": false, "volume": 1 },
      { "name": "mob/zombie/death3", "stream": false, "volume": 1 }		  
    ],
    "subtitle": "subtitles.entity.zombie.death"
  },
  
   "entity.skeleton.death": {
	"replace": true,
    "sounds": [
	  { "name": "mob/skeleton/death0", "stream": false, "volume": 1 },
      { "name": "mob/skeleton/death1", "stream": false, "volume": 1 },
      { "name": "mob/skeleton/death2", "stream": false, "volume": 1 },
      { "name": "mob/skeleton/death3", "stream": false, "volume": 1 },
      { "name": "mob/skeleton/death4", "stream": false, "volume": 1 },
      { "name": "mob/skeleton/death5", "stream": false, "volume": 1 },
      { "name": "mob/skeleton/death6", "stream": false, "volume": 1 },
      { "name": "mob/skeleton/death7", "stream": false, "volume": 1 }		  
    ],
    "subtitle": "subtitles.entity.skeleton.death"
  },
  
  "entity.ender_dragon.flap": {
	"replace": true,
    "sounds": [
      { "name": "mob/enderdragon/wings1", "stream": false, "volume": 3, "attenuation_distance": 16 },
      { "name": "mob/enderdragon/wings2", "stream": false, "volume": 3, "attenuation_distance": 16 },
      { "name": "mob/enderdragon/wings3", "stream": false, "volume": 3, "attenuation_distance": 16 },
      { "name": "mob/enderdragon/wings4", "stream": false, "volume": 3, "attenuation_distance": 16 },
      { "name": "mob/enderdragon/wings5", "stream": false, "volume": 3, "attenuation_distance": 16 },
      { "name": "mob/enderdragon/wings6", "stream": false, "volume": 3, "attenuation_distance": 16 }	 	  
    ],
    "subtitle": "subtitles.entity.ender_dragon.flap"
  },
  
  "entity.ender_dragon.hurt": {
	"replace": true,
    "sounds": [
      { "name": "mob/enderdragon/hit1", "stream": false, "attenuation_distance": 16 },
      { "name": "mob/enderdragon/hit2", "stream": false, "attenuation_distance": 16 },
      { "name": "mob/enderdragon/hit3", "stream": false, "attenuation_distance": 16 },
      { "name": "mob/enderdragon/hit4", "stream": false, "attenuation_distance": 16 },
      { "name": "mob/enderdragon/hit5", "stream": false, "attenuation_distance": 16 },
      { "name": "mob/enderdragon/hit6", "stream": false, "attenuation_distance": 16 },
      { "name": "mob/enderdragon/hit7", "stream": false, "attenuation_distance": 16 }	  
    ],
    "subtitle": "subtitles.entity.ender_dragon.hurt"
  },
  
  
    "entity.enderman.ambient": {
	"replace": true,
    "sounds": [
      { "name": "mob/endermen/idle1", "stream": false, "volume": 0.1, "attenuation_distance": 1,  "pitch": 0.8 },
	  { "name": "mob/endermen/idle1", "stream": false, "volume": 0.15, "attenuation_distance": 1,  "pitch": 0.8 },
	  { "name": "mob/endermen/idle1", "stream": false, "volume": 0.2, "attenuation_distance": 1,  "pitch": 0.8 },
	  
	  { "name": "mob/endermen/idle1", "stream": false, "volume": 0.1, "attenuation_distance": 1,  "pitch": 1 },
	  { "name": "mob/endermen/idle1", "stream": false, "volume": 0.15, "attenuation_distance": 1,  "pitch": 1 },
	  { "name": "mob/endermen/idle1", "stream": false, "volume": 0.2, "attenuation_distance": 1,  "pitch": 1 },
	  
	  { "name": "mob/endermen/idle1", "stream": false, "volume": 0.1, "attenuation_distance": 1,  "pitch": 1.2 },
	  { "name": "mob/endermen/idle1", "stream": false, "volume": 0.15, "attenuation_distance": 1,  "pitch": 1.2 },
	  { "name": "mob/endermen/idle1", "stream": false, "volume": 0.2, "attenuation_distance": 1,  "pitch": 1.2 },
	  
	  
	  
	  
      { "name": "mob/endermen/idle2", "stream": false, "volume": 0.1, "attenuation_distance": 1,  "pitch": 0.8 },
	  { "name": "mob/endermen/idle2", "stream": false, "volume": 0.15, "attenuation_distance": 1,  "pitch": 0.8 },
	  { "name": "mob/endermen/idle2", "stream": false, "volume": 0.2, "attenuation_distance": 1,  "pitch": 0.8 },
	  
	  { "name": "mob/endermen/idle2", "stream": false, "volume": 0.1, "attenuation_distance": 1,  "pitch": 1 },
	  { "name": "mob/endermen/idle2", "stream": false, "volume": 0.15, "attenuation_distance": 1,  "pitch": 1 },
	  { "name": "mob/endermen/idle2", "stream": false, "volume": 0.2, "attenuation_distance": 1,  "pitch": 1 },
	  
	  { "name": "mob/endermen/idle2", "stream": false, "volume": 0.1, "attenuation_distance": 1,  "pitch": 1.2 },
	  { "name": "mob/endermen/idle2", "stream": false, "volume": 0.15, "attenuation_distance": 1,  "pitch": 1.2 },
	  { "name": "mob/endermen/idle2", "stream": false, "volume": 0.2, "attenuation_distance": 1,  "pitch": 1.2 },
	  
	  
	  
	  
      { "name": "mob/endermen/idle3", "stream": false, "volume": 0.1, "attenuation_distance": 1,  "pitch": 0.8 },
	  { "name": "mob/endermen/idle3", "stream": false, "volume": 0.15, "attenuation_distance": 1,  "pitch": 0.8 },
	  { "name": "mob/endermen/idle3", "stream": false, "volume": 0.2, "attenuation_distance": 1,  "pitch": 0.8 },
	  
	  { "name": "mob/endermen/idle3", "stream": false, "volume": 0.1, "attenuation_distance": 1,  "pitch": 1 },
	  { "name": "mob/endermen/idle3", "stream": false, "volume": 0.15, "attenuation_distance": 1,  "pitch": 1 },
	  { "name": "mob/endermen/idle3", "stream": false, "volume": 0.2, "attenuation_distance": 1,  "pitch": 1 },
	  
	  { "name": "mob/endermen/idle3", "stream": false, "volume": 0.1, "attenuation_distance": 1,  "pitch": 1.2 },
	  { "name": "mob/endermen/idle3", "stream": false, "volume": 0.15, "attenuation_distance": 1,  "pitch": 1.2 },
	  { "name": "mob/endermen/idle3", "stream": false, "volume": 0.2, "attenuation_distance": 1,  "pitch": 1.2 },
	  
	  
	  
	  
      { "name": "mob/endermen/idle4", "stream": false, "volume": 0.1, "attenuation_distance": 1,  "pitch": 0.8 },
	  { "name": "mob/endermen/idle4", "stream": false, "volume": 0.15, "attenuation_distance": 1,  "pitch": 0.8 },
	  { "name": "mob/endermen/idle4", "stream": false, "volume": 0.2, "attenuation_distance": 1,  "pitch": 0.8 },
	  
	  { "name": "mob/endermen/idle4", "stream": false, "volume": 0.1, "attenuation_distance": 1,  "pitch": 1 },
	  { "name": "mob/endermen/idle4", "stream": false, "volume": 0.15, "attenuation_distance": 1,  "pitch": 1 },
	  { "name": "mob/endermen/idle4", "stream": false, "volume": 0.2, "attenuation_distance": 1,  "pitch": 1 },
	  
	  { "name": "mob/endermen/idle4", "stream": false, "volume": 0.1, "attenuation_distance": 1,  "pitch": 1.2 },
	  { "name": "mob/endermen/idle4", "stream": false, "volume": 0.15, "attenuation_distance": 1,  "pitch": 1.2 },
	  { "name": "mob/endermen/idle4", "stream": false, "volume": 0.2, "attenuation_distance": 1,  "pitch": 1.2 },
	  
	  
	  
	  
      { "name": "mob/endermen/idle5", "stream": false, "volume": 0.1, "attenuation_distance": 1,  "pitch": 0.8 },
	  { "name": "mob/endermen/idle5", "stream": false, "volume": 0.15, "attenuation_distance": 1,  "pitch": 0.8 },
	  { "name": "mob/endermen/idle5", "stream": false, "volume": 0.2, "attenuation_distance": 1,  "pitch": 0.8 },
	  
	  { "name": "mob/endermen/idle5", "stream": false, "volume": 0.1, "attenuation_distance": 1,  "pitch": 1 },
	  { "name": "mob/endermen/idle5", "stream": false, "volume": 0.15, "attenuation_distance": 1,  "pitch": 1 },
	  { "name": "mob/endermen/idle5", "stream": false, "volume": 0.2, "attenuation_distance": 1,  "pitch": 1 },
	  
	  { "name": "mob/endermen/idle5", "stream": false, "volume": 0.1, "attenuation_distance": 1,  "pitch": 1.2 },
	  { "name": "mob/endermen/idle5", "stream": false, "volume": 0.15, "attenuation_distance": 1,  "pitch": 1.2 },
	  { "name": "mob/endermen/idle5", "stream": false, "volume": 0.2, "attenuation_distance": 1,  "pitch": 1.2 }
    ],
    "subtitle": "subtitles.entity.enderman.ambient"
  },

  
  
  
  
  "music_disc.cat": {
    "replace": true,    
	"sounds": [
      { "name": "records/cat", "stream": true, "weight": 60 },
      { "name": "records/dog", "stream": true, "weight": 40, "attenuation_distance": 64 }	  
    ]
  },
  
  
  
  
  
  "entity.player.death": {
	"replace": true,
    "sounds": [
      { "name": "music/c418/death2", "stream": true, "weight": 60, "attenuation_distance": 0 }
    ]
  },
  
  
    "music.nether.warped_forest": {
	"replace": true, 
    "sounds": [
	  { "name": "music/erlend_flatin/sunset", "stream": true, "volume": 0.7, "weight": 100 }
	]
  },
  
  
  "music.game": {
	"replace": false, 
    "sounds": [
	  { "name": "music/c418/excuse", "stream": true },
	  { "name": "music/c418/flake", "stream": true },
	  { "name": "music/c418/beginning", "stream": true },
	  { "name": "music/c418/chris", "stream": true },
	  { "name": "music/c418/door", "stream": true },
	  { "name": "music/c418/equinoxe", "stream": true },
	  
	  { "name": "music/cfam/carbon", "stream": true },
	  
	  { "name": "music/benjamint/voyage", "stream": true }
    ]
  },
  
  "music.menu": {
	"replace": true,  
    "sounds": [
      { "name": "music/game/swamp/aerie", "stream": true, "volume": 0.4, "weight": 10 },
      { "name": "music/game/swamp/firebugs", "stream": true, "volume": 0.4, "weight": 10 },
      { "name": "music/game/swamp/labyrinthine", "stream": true, "volume": 0.4, "weight": 10 },
	  
      { "name": "music/menu/menu1", "stream": true, "weight": 50 },
      { "name": "music/menu/menu2", "stream": true, "weight": 50 },
      { "name": "music/menu/menu3", "stream": true, "weight": 50 },
      { "name": "music/menu/menu4", "stream": true, "weight": 50 },
	  
	  { "name": "music/c418/excuse", "stream": true, "weight": 50 },
	  { "name": "music/c418/flake", "stream": true, "weight": 50 },
	  { "name": "music/c418/beginning", "stream": true, "weight": 50 },
	  { "name": "music/c418/chris", "stream": true, "weight": 50 },
	  { "name": "music/c418/door", "stream": true, "weight": 50 },
	  { "name": "music/c418/equinoxe", "stream": true, "weight": 50 },
	  
	  { "name": "music/benjamint/voyage", "stream": true, "weight": 50 }
    ]
  },
  

  
  "music.dragon": {
	"replace": true,
    "sounds": [
      { "name": "music/malcapn66/conflux", "stream": true, "volume": 0.3, "weight": 10 } 	  
    ]
  },
  
  "music.end": {
	"replace": true,
    "sounds": [
	  { "name": "music/game/end/end", "stream": true, "weight": 80 },
	  { "name": "music/game/end/boss", "stream": true, "weight": 100 },
	  
	  { "name": "music/lost_angel/39", "stream": true, "volume": 0.3, "weight": 50 },
	
	  { "name": "music/erlend_flatin/sunset", "stream": true, "volume": 0.7, "weight": 100 },
	
	  { "name": "music/solunary/voide", "stream": true, "volume": 0.7, "weight": 100 },
	  { "name": "music/solunary/life", "stream": true, "volume": 0.7, "weight": 100 }	 
    ]
  }
}